2,0,aZ7GeowEh1V7yqR0nYO287PaG0M=,Ro2LLEvEj9QgtrBiIrMLUq3mKt0=
2,1,aZ7GeowEh1V7yqR0nYO287PaG0M=,Ro2LLEvEj9QgtrBiIrMLUq3mKt0=
1,0,aZ7GeowEh1V7yqR0nYO287PaG0M=,RjCPVTvXLrM4H4AVLxM0l3t/PBQ=
0,0,aZ7GeowEh1V7yqR0nYO287PaG0M=,RjCPVTvXLrM4H4AVLxM0l3t/PBQ=
1,1,aZ7GeowEh1V7yqR0nYO287PaG0M=,RjCPVTvXLrM4H4AVLxM0l3t/PBQ=
2,2,aZ7GeowEh1V7yqR0nYO287PaG0M=,hDlSl8WFIAY8DVaol1dJigpzGZE=
1,2,aZ7GeowEh1V7yqR0nYO287PaG0M=,WQ4ljwEeW7N5RCnFpo26hZxmQow=
2,4,aZ7GeowEh1V7yqR0nYO287PaG0M=,Ef95JyxIw6CW5R9pT86qg6ClkNs=
2,3,aZ7GeowEh1V7yqR0nYO287PaG0M=,hDlSl8WFIAY8DVaol1dJigpzGZE=
1,4,aZ7GeowEh1V7yqR0nYO287PaG0M=,ROpNFGQJx6Lxll+yVV6kz7nNrHI=
1,3,aZ7GeowEh1V7yqR0nYO287PaG0M=,WQ4ljwEeW7N5RCnFpo26hZxmQow=
1,5,aZ7GeowEh1V7yqR0nYO287PaG0M=,ROpNFGQJx6Lxll+yVV6kz7nNrHI=
2,5,aZ7GeowEh1V7yqR0nYO287PaG0M=,Ef95JyxIw6CW5R9pT86qg6ClkNs=
1,6,aZ7GeowEh1V7yqR0nYO287PaG0M=,ZBxXjz1yFS0Zl50gs6mkZ+bD/Ts=
2,6,y+z2YB0uTAiYPYicDPg98h/vJpk=,WWvhTVqsJIxQj/9LkMqSTu/ViCU=
1,7,y+z2YB0uTAiYPYicDPg98h/vJpk=,ZBxXjz1yFS0Zl50gs6mkZ+bD/Ts=
1,8,y+z2YB0uTAiYPYicDPg98h/vJpk=,JLBU/V9zW68XSL6Z5ygUdeajcDY=
2,8,y+z2YB0uTAiYPYicDPg98h/vJpk=,kuJJ9Nci4aw5xtU92utgiLLvZ5g=
2,7,y+z2YB0uTAiYPYicDPg98h/vJpk=,WWvhTVqsJIxQj/9LkMqSTu/ViCU=
2,9,y+z2YB0uTAiYPYicDPg98h/vJpk=,kuJJ9Nci4aw5xtU92utgiLLvZ5g=
2,10,y+z2YB0uTAiYPYicDPg98h/vJpk=,4Ag6Ob3TtNz6SoM/nyR+vaOKKek=
1,10,y+z2YB0uTAiYPYicDPg98h/vJpk=,ggqR008rovcFq/YY4K1+KCqa2zM=
1,9,y+z2YB0uTAiYPYicDPg98h/vJpk=,JLBU/V9zW68XSL6Z5ygUdeajcDY=
2,12,UD782yPKkfNeeG57Hii2+vvLpa4=,npBTxcnnHpNcl4i3FP5x1SsUQY4=
1,11,UD782yPKkfNeeG57Hii2+vvLpa4=,ggqR008rovcFq/YY4K1+KCqa2zM=
1,12,UD782yPKkfNeeG57Hii2+vvLpa4=,gNPCtjwdxKqwVA9i69wQXWAV5fM=
2,11,UD782yPKkfNeeG57Hii2+vvLpa4=,4Ag6Ob3TtNz6SoM/nyR+vaOKKek=
1,14,UD782yPKkfNeeG57Hii2+vvLpa4=,mnVnVNIey8qdwZ5aBO1D3yg/QsI=
1,13,HdSr4HR4ntn9Magt+KivLPq+FK8=,gNPCtjwdxKqwVA9i69wQXWAV5fM=
2,14,HdSr4HR4ntn9Magt+KivLPq+FK8=,edswxfHLFuBbL/VED9Lc2I3Pp84=
2,13,HdSr4HR4ntn9Magt+KivLPq+FK8=,npBTxcnnHpNcl4i3FP5x1SsUQY4=
4,13,LSwnVkgGWONOmQRGEUiTim/dygM=,CF9L5ZthLmIyd5v1KrvGn3FVRZY=
4,14,LSwnVkgGWONOmQRGEUiTim/dygM=,KqXZoazQwnZKxrUWnMKEGYyYlgk=
3,13,LSwnVkgGWONOmQRGEUiTim/dygM=,npBTxcnnHpNcl4i3FP5x1SsUQY4=
3,14,LSwnVkgGWONOmQRGEUiTim/dygM=,edswxfHLFuBbL/VED9Lc2I3Pp84=
3,11,LSwnVkgGWONOmQRGEUiTim/dygM=,4Ag6Ob3TtNz6SoM/nyR+vaOKKek=
4,11,LSwnVkgGWONOmQRGEUiTim/dygM=,aegfbmTrDamVv2bkTdgaE1FCIwo=
4,12,LSwnVkgGWONOmQRGEUiTim/dygM=,CF9L5ZthLmIyd5v1KrvGn3FVRZY=
3,12,8z/sW30Qpm4iw/8EWfcJckVGuDQ=,npBTxcnnHpNcl4i3FP5x1SsUQY4=
4,10,8z/sW30Qpm4iw/8EWfcJckVGuDQ=,aegfbmTrDamVv2bkTdgaE1FCIwo=
3,10,8z/sW30Qpm4iw/8EWfcJckVGuDQ=,4Ag6Ob3TtNz6SoM/nyR+vaOKKek=
3,9,3XS+MUT+1Z2tjHw7/b59W0sc1UA=,kuJJ9Nci4aw5xtU92utgiLLvZ5g=
4,9,3XS+MUT+1Z2tjHw7/b59W0sc1UA=,geYtkcRLgc3dqBxa2dqqPzEIiw8=
4,8,3XS+MUT+1Z2tjHw7/b59W0sc1UA=,geYtkcRLgc3dqBxa2dqqPzEIiw8=
4,7,3XS+MUT+1Z2tjHw7/b59W0sc1UA=,e9giwPDJaMamsqxfMZsPqFhxs1c=
3,7,3XS+MUT+1Z2tjHw7/b59W0sc1UA=,WWvhTVqsJIxQj/9LkMqSTu/ViCU=
3,8,3XS+MUT+1Z2tjHw7/b59W0sc1UA=,kuJJ9Nci4aw5xtU92utgiLLvZ5g=
4,3,3XS+MUT+1Z2tjHw7/b59W0sc1UA=,j7YCOxYGCCqPeIdtaffLjklc8II=
4,2,3XS+MUT+1Z2tjHw7/b59W0sc1UA=,j7YCOxYGCCqPeIdtaffLjklc8II=
4,6,3XS+MUT+1Z2tjHw7/b59W0sc1UA=,e9giwPDJaMamsqxfMZsPqFhxs1c=
4,1,3XS+MUT+1Z2tjHw7/b59W0sc1UA=,sL5bBYdJ9vxN5q3fQABfIsYaWVk=
4,0,3XS+MUT+1Z2tjHw7/b59W0sc1UA=,sL5bBYdJ9vxN5q3fQABfIsYaWVk=
4,5,3XS+MUT+1Z2tjHw7/b59W0sc1UA=,OBaGO07ou1hAhKRSc5c3SliZUzo=
4,4,3XS+MUT+1Z2tjHw7/b59W0sc1UA=,OBaGO07ou1hAhKRSc5c3SliZUzo=
3,1,cmZFull503YNoCTGMZTtKdWaISc=,Ro2LLEvEj9QgtrBiIrMLUq3mKt0=
3,0,cmZFull503YNoCTGMZTtKdWaISc=,Ro2LLEvEj9QgtrBiIrMLUq3mKt0=
3,5,cmZFull503YNoCTGMZTtKdWaISc=,Ef95JyxIw6CW5R9pT86qg6ClkNs=
3,2,cmZFull503YNoCTGMZTtKdWaISc=,hDlSl8WFIAY8DVaol1dJigpzGZE=
3,4,cmZFull503YNoCTGMZTtKdWaISc=,Ef95JyxIw6CW5R9pT86qg6ClkNs=
3,6,cmZFull503YNoCTGMZTtKdWaISc=,WWvhTVqsJIxQj/9LkMqSTu/ViCU=
3,3,cmZFull503YNoCTGMZTtKdWaISc=,hDlSl8WFIAY8DVaol1dJigpzGZE=
5,3,cmZFull503YNoCTGMZTtKdWaISc=,j7YCOxYGCCqPeIdtaffLjklc8II=
6,3,cmZFull503YNoCTGMZTtKdWaISc=,/XP28i5Y+obc3/jhEk3XLD+ovVw=
5,4,cmZFull503YNoCTGMZTtKdWaISc=,OBaGO07ou1hAhKRSc5c3SliZUzo=
6,4,MqyUeFHdiGSMrNTbBB8BQiXiBGo=,RvsY7BrRkfRJuSYwU15lyXJ0oJA=
5,0,MqyUeFHdiGSMrNTbBB8BQiXiBGo=,sL5bBYdJ9vxN5q3fQABfIsYaWVk=
6,0,MqyUeFHdiGSMrNTbBB8BQiXiBGo=,y5BqLhpi8ckecczTZ3yAiWIIYVA=
5,1,MqyUeFHdiGSMrNTbBB8BQiXiBGo=,sL5bBYdJ9vxN5q3fQABfIsYaWVk=
5,2,MqyUeFHdiGSMrNTbBB8BQiXiBGo=,j7YCOxYGCCqPeIdtaffLjklc8II=
6,2,MqyUeFHdiGSMrNTbBB8BQiXiBGo=,/XP28i5Y+obc3/jhEk3XLD+ovVw=
6,1,MqyUeFHdiGSMrNTbBB8BQiXiBGo=,y5BqLhpi8ckecczTZ3yAiWIIYVA=
6,6,fdv3n/EbdSaX0ojS5pgMGB10F8o=,9LgLvt6s63oKfoqXGMZ2QD52H8I=
5,5,fdv3n/EbdSaX0ojS5pgMGB10F8o=,OBaGO07ou1hAhKRSc5c3SliZUzo=
6,5,fdv3n/EbdSaX0ojS5pgMGB10F8o=,RvsY7BrRkfRJuSYwU15lyXJ0oJA=
5,6,fdv3n/EbdSaX0ojS5pgMGB10F8o=,e9giwPDJaMamsqxfMZsPqFhxs1c=
5,7,fdv3n/EbdSaX0ojS5pgMGB10F8o=,e9giwPDJaMamsqxfMZsPqFhxs1c=
6,8,fdv3n/EbdSaX0ojS5pgMGB10F8o=,JsIiv3MnPRUXj1rwQC/y6KM6JLs=
6,7,fdv3n/EbdSaX0ojS5pgMGB10F8o=,9LgLvt6s63oKfoqXGMZ2QD52H8I=
5,8,fdv3n/EbdSaX0ojS5pgMGB10F8o=,geYtkcRLgc3dqBxa2dqqPzEIiw8=
6,9,fdv3n/EbdSaX0ojS5pgMGB10F8o=,JsIiv3MnPRUXj1rwQC/y6KM6JLs=
6,10,jPMNna9uXLR++3v5OpC4r/RTnwg=,FN3o3eGvKpHH8KhHAEsJn7jIdCE=
5,9,jPMNna9uXLR++3v5OpC4r/RTnwg=,geYtkcRLgc3dqBxa2dqqPzEIiw8=
5,10,jPMNna9uXLR++3v5OpC4r/RTnwg=,aegfbmTrDamVv2bkTdgaE1FCIwo=
6,11,jPMNna9uXLR++3v5OpC4r/RTnwg=,FN3o3eGvKpHH8KhHAEsJn7jIdCE=
6,12,jPMNna9uXLR++3v5OpC4r/RTnwg=,XGWPdeEawNKV87OltmhX8wVlI1I=
5,12,P9Qz9yJ2z3Ml05PqMayjiytJSFE=,CF9L5ZthLmIyd5v1KrvGn3FVRZY=
5,11,P9Qz9yJ2z3Ml05PqMayjiytJSFE=,aegfbmTrDamVv2bkTdgaE1FCIwo=
6,13,P9Qz9yJ2z3Ml05PqMayjiytJSFE=,XGWPdeEawNKV87OltmhX8wVlI1I=
6,14,P9Qz9yJ2z3Ml05PqMayjiytJSFE=,wKmx867qB389Z6EF+J+JX9a9nyw=
5,14,P9Qz9yJ2z3Ml05PqMayjiytJSFE=,KqXZoazQwnZKxrUWnMKEGYyYlgk=
5,13,P9Qz9yJ2z3Ml05PqMayjiytJSFE=,CF9L5ZthLmIyd5v1KrvGn3FVRZY=
8,10,9fZjZ4Za/j+EPcq/WGpZAo07WjE=,Xvip/7ErADwSsDKI8PKuCMhJAxs=
7,10,9fZjZ4Za/j+EPcq/WGpZAo07WjE=,FN3o3eGvKpHH8KhHAEsJn7jIdCE=
7,9,9fZjZ4Za/j+EPcq/WGpZAo07WjE=,JsIiv3MnPRUXj1rwQC/y6KM6JLs=
8,9,9fZjZ4Za/j+EPcq/WGpZAo07WjE=,aJsgUHeHXoQhi8HVEMWA+rQNfiw=
8,12,9fZjZ4Za/j+EPcq/WGpZAo07WjE=,k8vQQmWobj3mCx/Xe65xaIxT9Pg=
8,11,9fZjZ4Za/j+EPcq/WGpZAo07WjE=,Xvip/7ErADwSsDKI8PKuCMhJAxs=
7,11,9fZjZ4Za/j+EPcq/WGpZAo07WjE=,FN3o3eGvKpHH8KhHAEsJn7jIdCE=
7,12,9fZjZ4Za/j+EPcq/WGpZAo07WjE=,XGWPdeEawNKV87OltmhX8wVlI1I=
8,14,fDHoJlgfCSuyVgjkhIUS+aO3oYY=,WBfc//y0V5c0tCjbZTsmDiUdojg=
8,13,fDHoJlgfCSuyVgjkhIUS+aO3oYY=,k8vQQmWobj3mCx/Xe65xaIxT9Pg=
7,13,fDHoJlgfCSuyVgjkhIUS+aO3oYY=,XGWPdeEawNKV87OltmhX8wVlI1I=
7,14,gVfLhpYNUGKPWHjMKKFH0UVXngk=,wKmx867qB389Z6EF+J+JX9a9nyw=
8,7,gVfLhpYNUGKPWHjMKKFH0UVXngk=,dS6qwLBR9R6LIkbGqZdXjKjSlQQ=
8,8,gVfLhpYNUGKPWHjMKKFH0UVXngk=,aJsgUHeHXoQhi8HVEMWA+rQNfiw=
7,7,gVfLhpYNUGKPWHjMKKFH0UVXngk=,9LgLvt6s63oKfoqXGMZ2QD52H8I=
7,8,gVfLhpYNUGKPWHjMKKFH0UVXngk=,JsIiv3MnPRUXj1rwQC/y6KM6JLs=
8,6,gVfLhpYNUGKPWHjMKKFH0UVXngk=,dS6qwLBR9R6LIkbGqZdXjKjSlQQ=
8,5,jIfv+fFrzj56ZsUQ/cvj6uO7rPM=,xLzzhgpnKkjv98hZTwEa5UBvEjY=
7,5,jIfv+fFrzj56ZsUQ/cvj6uO7rPM=,RvsY7BrRkfRJuSYwU15lyXJ0oJA=
7,6,kxO3pppfipw9fYQMjW/bpE0TnJE=,9LgLvt6s63oKfoqXGMZ2QD52H8I=
7,4,kxO3pppfipw9fYQMjW/bpE0TnJE=,RvsY7BrRkfRJuSYwU15lyXJ0oJA=
8,4,kxO3pppfipw9fYQMjW/bpE0TnJE=,xLzzhgpnKkjv98hZTwEa5UBvEjY=
7,3,kxO3pppfipw9fYQMjW/bpE0TnJE=,/XP28i5Y+obc3/jhEk3XLD+ovVw=
7,0,kxO3pppfipw9fYQMjW/bpE0TnJE=,y5BqLhpi8ckecczTZ3yAiWIIYVA=
7,2,kxO3pppfipw9fYQMjW/bpE0TnJE=,/XP28i5Y+obc3/jhEk3XLD+ovVw=
8,2,kxO3pppfipw9fYQMjW/bpE0TnJE=,EE8i1BYcKOzBRfIV5MzvqiqQI/k=
8,0,kxO3pppfipw9fYQMjW/bpE0TnJE=,9e4GCl87Ma6NQb5c0tOCaD4lf9A=
8,3,kxO3pppfipw9fYQMjW/bpE0TnJE=,EE8i1BYcKOzBRfIV5MzvqiqQI/k=
7,1,kxO3pppfipw9fYQMjW/bpE0TnJE=,y5BqLhpi8ckecczTZ3yAiWIIYVA=
8,1,kxO3pppfipw9fYQMjW/bpE0TnJE=,9e4GCl87Ma6NQb5c0tOCaD4lf9A=
9,5,kxO3pppfipw9fYQMjW/bpE0TnJE=,xLzzhgpnKkjv98hZTwEa5UBvEjY=
10,5,kxO3pppfipw9fYQMjW/bpE0TnJE=,vSZ23sDTFiR3ri7P3g+oIIGCQSU=
10,6,kxO3pppfipw9fYQMjW/bpE0TnJE=,e+/QP6lIHrhgXm0T2GexLAikaxg=
9,6,kxO3pppfipw9fYQMjW/bpE0TnJE=,dS6qwLBR9R6LIkbGqZdXjKjSlQQ=
9,3,kxO3pppfipw9fYQMjW/bpE0TnJE=,EE8i1BYcKOzBRfIV5MzvqiqQI/k=
10,4,kxO3pppfipw9fYQMjW/bpE0TnJE=,vSZ23sDTFiR3ri7P3g+oIIGCQSU=
9,4,0ViNPgY3dMT7swAylbl+beYP5/E=,xLzzhgpnKkjv98hZTwEa5UBvEjY=
10,3,0ViNPgY3dMT7swAylbl+beYP5/E=,1NpqgaiL+8FxMn65AjOd80XEC8w=
9,0,0ViNPgY3dMT7swAylbl+beYP5/E=,9e4GCl87Ma6NQb5c0tOCaD4lf9A=
9,1,0ViNPgY3dMT7swAylbl+beYP5/E=,9e4GCl87Ma6NQb5c0tOCaD4lf9A=
9,2,0ViNPgY3dMT7swAylbl+beYP5/E=,EE8i1BYcKOzBRfIV5MzvqiqQI/k=
10,2,0ViNPgY3dMT7swAylbl+beYP5/E=,1NpqgaiL+8FxMn65AjOd80XEC8w=
10,7,0ViNPgY3dMT7swAylbl+beYP5/E=,e+/QP6lIHrhgXm0T2GexLAikaxg=
10,1,0ViNPgY3dMT7swAylbl+beYP5/E=,VVO00yKHxrG7m3hR907EWx8bwyQ=
10,0,0ViNPgY3dMT7swAylbl+beYP5/E=,VVO00yKHxrG7m3hR907EWx8bwyQ=
9,8,0ViNPgY3dMT7swAylbl+beYP5/E=,aJsgUHeHXoQhi8HVEMWA+rQNfiw=
9,7,0ViNPgY3dMT7swAylbl+beYP5/E=,dS6qwLBR9R6LIkbGqZdXjKjSlQQ=
10,8,mU77szmaZ3nCZw5TMECP0//wwvQ=,pzw2peM1hLkcgHN2snV1sC0t+wU=
10,9,mU77szmaZ3nCZw5TMECP0//wwvQ=,pzw2peM1hLkcgHN2snV1sC0t+wU=
10,12,mU77szmaZ3nCZw5TMECP0//wwvQ=,EiDsRhHzb6BSUyGPQ52ZRhxfp10=
10,10,mU77szmaZ3nCZw5TMECP0//wwvQ=,+s16oTE9j5iLaKH5XAzz94yFNus=
9,10,sgpjqFHFbUEKPyxBYPocL0pzYK4=,Xvip/7ErADwSsDKI8PKuCMhJAxs=
10,11,sgpjqFHFbUEKPyxBYPocL0pzYK4=,+s16oTE9j5iLaKH5XAzz94yFNus=
9,9,sgpjqFHFbUEKPyxBYPocL0pzYK4=,aJsgUHeHXoQhi8HVEMWA+rQNfiw=
9,12,sgpjqFHFbUEKPyxBYPocL0pzYK4=,k8vQQmWobj3mCx/Xe65xaIxT9Pg=
10,13,AYp3bq9yeJRWalRonQ+rBruh+Ys=,EiDsRhHzb6BSUyGPQ52ZRhxfp10=
9,11,AYp3bq9yeJRWalRonQ+rBruh+Ys=,Xvip/7ErADwSsDKI8PKuCMhJAxs=
9,14,AYp3bq9yeJRWalRonQ+rBruh+Ys=,WBfc//y0V5c0tCjbZTsmDiUdojg=
9,13,AYp3bq9yeJRWalRonQ+rBruh+Ys=,k8vQQmWobj3mCx/Xe65xaIxT9Pg=
11,10,AYp3bq9yeJRWalRonQ+rBruh+Ys=,+s16oTE9j5iLaKH5XAzz94yFNus=
11,9,AYp3bq9yeJRWalRonQ+rBruh+Ys=,pzw2peM1hLkcgHN2snV1sC0t+wU=
10,14,AYp3bq9yeJRWalRonQ+rBruh+Ys=,00dbgE/L0vaUBUNhCgTHcPa7e7g=
12,9,AYp3bq9yeJRWalRonQ+rBruh+Ys=,IV1bXCnXOOkKyC1pKL3FCHUTaG0=
12,11,AYp3bq9yeJRWalRonQ+rBruh+Ys=,0LvpJJZ1PF4X1bWlorguq4qcF5Y=
12,10,AYp3bq9yeJRWalRonQ+rBruh+Ys=,0LvpJJZ1PF4X1bWlorguq4qcF5Y=
11,12,AYp3bq9yeJRWalRonQ+rBruh+Ys=,EiDsRhHzb6BSUyGPQ52ZRhxfp10=
12,14,AYp3bq9yeJRWalRonQ+rBruh+Ys=,ppsL/yeCx7JkXKNhpZI4w1OavJ0=
11,13,AYp3bq9yeJRWalRonQ+rBruh+Ys=,EiDsRhHzb6BSUyGPQ52ZRhxfp10=
11,14,AYp3bq9yeJRWalRonQ+rBruh+Ys=,00dbgE/L0vaUBUNhCgTHcPa7e7g=
11,11,AYp3bq9yeJRWalRonQ+rBruh+Ys=,+s16oTE9j5iLaKH5XAzz94yFNus=
11,8,AYp3bq9yeJRWalRonQ+rBruh+Ys=,pzw2peM1hLkcgHN2snV1sC0t+wU=
12,8,AYp3bq9yeJRWalRonQ+rBruh+Ys=,IV1bXCnXOOkKyC1pKL3FCHUTaG0=
11,7,AYp3bq9yeJRWalRonQ+rBruh+Ys=,e+/QP6lIHrhgXm0T2GexLAikaxg=
12,12,AYp3bq9yeJRWalRonQ+rBruh+Ys=,t53Bvxg+TrzZQY/OkWzPT1jGFaw=
12,13,AYp3bq9yeJRWalRonQ+rBruh+Ys=,t53Bvxg+TrzZQY/OkWzPT1jGFaw=
11,5,AYp3bq9yeJRWalRonQ+rBruh+Ys=,vSZ23sDTFiR3ri7P3g+oIIGCQSU=
11,6,AYp3bq9yeJRWalRonQ+rBruh+Ys=,e+/QP6lIHrhgXm0T2GexLAikaxg=
11,3,AYp3bq9yeJRWalRonQ+rBruh+Ys=,1NpqgaiL+8FxMn65AjOd80XEC8w=
11,4,AYp3bq9yeJRWalRonQ+rBruh+Ys=,vSZ23sDTFiR3ri7P3g+oIIGCQSU=
12,7,AYp3bq9yeJRWalRonQ+rBruh+Ys=,TOay15NUFS19WKUVbe9L1DM+H9M=
12,6,AYp3bq9yeJRWalRonQ+rBruh+Ys=,TOay15NUFS19WKUVbe9L1DM+H9M=
12,5,AYp3bq9yeJRWalRonQ+rBruh+Ys=,7VTw67TrBZfLsYStdqG4OJvWM1Y=
12,3,AYp3bq9yeJRWalRonQ+rBruh+Ys=,QThjEEpSJx5klwqTIjzBe/JlP+M=
12,4,AYp3bq9yeJRWalRonQ+rBruh+Ys=,7VTw67TrBZfLsYStdqG4OJvWM1Y=
12,2,AYp3bq9yeJRWalRonQ+rBruh+Ys=,QThjEEpSJx5klwqTIjzBe/JlP+M=
11,1,AYp3bq9yeJRWalRonQ+rBruh+Ys=,VVO00yKHxrG7m3hR907EWx8bwyQ=
11,0,AYp3bq9yeJRWalRonQ+rBruh+Ys=,VVO00yKHxrG7m3hR907EWx8bwyQ=
11,2,AYp3bq9yeJRWalRonQ+rBruh+Ys=,1NpqgaiL+8FxMn65AjOd80XEC8w=
13,6,AYp3bq9yeJRWalRonQ+rBruh+Ys=,TOay15NUFS19WKUVbe9L1DM+H9M=
12,1,AYp3bq9yeJRWalRonQ+rBruh+Ys=,RIdd1+ze5coz3CDqBc4WfT3KyG8=
12,0,AYp3bq9yeJRWalRonQ+rBruh+Ys=,RIdd1+ze5coz3CDqBc4WfT3KyG8=
13,5,AYp3bq9yeJRWalRonQ+rBruh+Ys=,7VTw67TrBZfLsYStdqG4OJvWM1Y=
15,5,AYp3bq9yeJRWalRonQ+rBruh+Ys=,OGsZR9/0VLJfB8syOHa7Hzs+8LE=
14,5,AYp3bq9yeJRWalRonQ+rBruh+Ys=,OGsZR9/0VLJfB8syOHa7Hzs+8LE=
15,6,AYp3bq9yeJRWalRonQ+rBruh+Ys=,fbdsO9fc03GnqN0yUCei8xOr4Tk=
14,6,AYp3bq9yeJRWalRonQ+rBruh+Ys=,fbdsO9fc03GnqN0yUCei8xOr4Tk=
15,4,AYp3bq9yeJRWalRonQ+rBruh+Ys=,OGsZR9/0VLJfB8syOHa7Hzs+8LE=
14,4,AYp3bq9yeJRWalRonQ+rBruh+Ys=,OGsZR9/0VLJfB8syOHa7Hzs+8LE=
15,3,AYp3bq9yeJRWalRonQ+rBruh+Ys=,6YuYSaNkc6cZIusD6tKeQ1KQ0Ws=
14,3,AYp3bq9yeJRWalRonQ+rBruh+Ys=,6YuYSaNkc6cZIusD6tKeQ1KQ0Ws=
15,1,AYp3bq9yeJRWalRonQ+rBruh+Ys=,tHE45hwj1CyLKVphMXeAxcU+35Y=
15,0,AYp3bq9yeJRWalRonQ+rBruh+Ys=,tHE45hwj1CyLKVphMXeAxcU+35Y=
13,3,AYp3bq9yeJRWalRonQ+rBruh+Ys=,QThjEEpSJx5klwqTIjzBe/JlP+M=
15,2,AYp3bq9yeJRWalRonQ+rBruh+Ys=,6YuYSaNkc6cZIusD6tKeQ1KQ0Ws=
14,0,AYp3bq9yeJRWalRonQ+rBruh+Ys=,tHE45hwj1CyLKVphMXeAxcU+35Y=
14,2,AYp3bq9yeJRWalRonQ+rBruh+Ys=,6YuYSaNkc6cZIusD6tKeQ1KQ0Ws=
13,4,AYp3bq9yeJRWalRonQ+rBruh+Ys=,7VTw67TrBZfLsYStdqG4OJvWM1Y=
13,2,AYp3bq9yeJRWalRonQ+rBruh+Ys=,QThjEEpSJx5klwqTIjzBe/JlP+M=
13,1,AYp3bq9yeJRWalRonQ+rBruh+Ys=,RIdd1+ze5coz3CDqBc4WfT3KyG8=
13,0,AYp3bq9yeJRWalRonQ+rBruh+Ys=,RIdd1+ze5coz3CDqBc4WfT3KyG8=
14,1,AYp3bq9yeJRWalRonQ+rBruh+Ys=,tHE45hwj1CyLKVphMXeAxcU+35Y=
14,7,AYp3bq9yeJRWalRonQ+rBruh+Ys=,fbdsO9fc03GnqN0yUCei8xOr4Tk=
13,7,AYp3bq9yeJRWalRonQ+rBruh+Ys=,TOay15NUFS19WKUVbe9L1DM+H9M=
13,8,AYp3bq9yeJRWalRonQ+rBruh+Ys=,IV1bXCnXOOkKyC1pKL3FCHUTaG0=
15,7,AYp3bq9yeJRWalRonQ+rBruh+Ys=,fbdsO9fc03GnqN0yUCei8xOr4Tk=
0,2,AYp3bq9yeJRWalRonQ+rBruh+Ys=,WQ4ljwEeW7N5RCnFpo26hZxmQow=
0,1,AYp3bq9yeJRWalRonQ+rBruh+Ys=,RjCPVTvXLrM4H4AVLxM0l3t/PBQ=
0,4,AYp3bq9yeJRWalRonQ+rBruh+Ys=,ROpNFGQJx6Lxll+yVV6kz7nNrHI=
0,3,AYp3bq9yeJRWalRonQ+rBruh+Ys=,WQ4ljwEeW7N5RCnFpo26hZxmQow=
14,8,AYp3bq9yeJRWalRonQ+rBruh+Ys=,ywHf3kpYZI6Aeg9TCeCK+pdI08g=
0,6,AYp3bq9yeJRWalRonQ+rBruh+Ys=,ZBxXjz1yFS0Zl50gs6mkZ+bD/Ts=
0,5,AYp3bq9yeJRWalRonQ+rBruh+Ys=,ROpNFGQJx6Lxll+yVV6kz7nNrHI=
0,8,AYp3bq9yeJRWalRonQ+rBruh+Ys=,JLBU/V9zW68XSL6Z5ygUdeajcDY=
0,7,AYp3bq9yeJRWalRonQ+rBruh+Ys=,ZBxXjz1yFS0Zl50gs6mkZ+bD/Ts=
0,10,AYp3bq9yeJRWalRonQ+rBruh+Ys=,ggqR008rovcFq/YY4K1+KCqa2zM=
0,9,AYp3bq9yeJRWalRonQ+rBruh+Ys=,JLBU/V9zW68XSL6Z5ygUdeajcDY=
15,8,AYp3bq9yeJRWalRonQ+rBruh+Ys=,ywHf3kpYZI6Aeg9TCeCK+pdI08g=
0,12,AYp3bq9yeJRWalRonQ+rBruh+Ys=,gNPCtjwdxKqwVA9i69wQXWAV5fM=
0,11,AYp3bq9yeJRWalRonQ+rBruh+Ys=,ggqR008rovcFq/YY4K1+KCqa2zM=
0,13,AYp3bq9yeJRWalRonQ+rBruh+Ys=,gNPCtjwdxKqwVA9i69wQXWAV5fM=
0,14,AYp3bq9yeJRWalRonQ+rBruh+Ys=,mnVnVNIey8qdwZ5aBO1D3yg/QsI=
0,15,AYp3bq9yeJRWalRonQ+rBruh+Ys=,mnVnVNIey8qdwZ5aBO1D3yg/QsI=
2,15,AYp3bq9yeJRWalRonQ+rBruh+Ys=,edswxfHLFuBbL/VED9Lc2I3Pp84=
4,15,AYp3bq9yeJRWalRonQ+rBruh+Ys=,KqXZoazQwnZKxrUWnMKEGYyYlgk=
1,15,AYp3bq9yeJRWalRonQ+rBruh+Ys=,mnVnVNIey8qdwZ5aBO1D3yg/QsI=
6,15,AYp3bq9yeJRWalRonQ+rBruh+Ys=,wKmx867qB389Z6EF+J+JX9a9nyw=
8,15,AYp3bq9yeJRWalRonQ+rBruh+Ys=,WBfc//y0V5c0tCjbZTsmDiUdojg=
3,15,AYp3bq9yeJRWalRonQ+rBruh+Ys=,edswxfHLFuBbL/VED9Lc2I3Pp84=
7,15,AYp3bq9yeJRWalRonQ+rBruh+Ys=,wKmx867qB389Z6EF+J+JX9a9nyw=
5,15,AYp3bq9yeJRWalRonQ+rBruh+Ys=,KqXZoazQwnZKxrUWnMKEGYyYlgk=
9,15,AYp3bq9yeJRWalRonQ+rBruh+Ys=,WBfc//y0V5c0tCjbZTsmDiUdojg=
12,15,AYp3bq9yeJRWalRonQ+rBruh+Ys=,ppsL/yeCx7JkXKNhpZI4w1OavJ0=
10,15,AYp3bq9yeJRWalRonQ+rBruh+Ys=,00dbgE/L0vaUBUNhCgTHcPa7e7g=
11,15,AYp3bq9yeJRWalRonQ+rBruh+Ys=,00dbgE/L0vaUBUNhCgTHcPa7e7g=
15,9,AYp3bq9yeJRWalRonQ+rBruh+Ys=,ywHf3kpYZI6Aeg9TCeCK+pdI08g=
14,9,AYp3bq9yeJRWalRonQ+rBruh+Ys=,ywHf3kpYZI6Aeg9TCeCK+pdI08g=
13,10,AYp3bq9yeJRWalRonQ+rBruh+Ys=,0LvpJJZ1PF4X1bWlorguq4qcF5Y=
13,9,AYp3bq9yeJRWalRonQ+rBruh+Ys=,IV1bXCnXOOkKyC1pKL3FCHUTaG0=
15,15,AYp3bq9yeJRWalRonQ+rBruh+Ys=,Y4a64VTMpGmJslwM+5MkevNcEEE=
13,15,AYp3bq9yeJRWalRonQ+rBruh+Ys=,ppsL/yeCx7JkXKNhpZI4w1OavJ0=
13,14,AYp3bq9yeJRWalRonQ+rBruh+Ys=,ppsL/yeCx7JkXKNhpZI4w1OavJ0=
14,14,AYp3bq9yeJRWalRonQ+rBruh+Ys=,Y4a64VTMpGmJslwM+5MkevNcEEE=
13,13,AYp3bq9yeJRWalRonQ+rBruh+Ys=,t53Bvxg+TrzZQY/OkWzPT1jGFaw=
13,12,AYp3bq9yeJRWalRonQ+rBruh+Ys=,t53Bvxg+TrzZQY/OkWzPT1jGFaw=
13,11,AYp3bq9yeJRWalRonQ+rBruh+Ys=,0LvpJJZ1PF4X1bWlorguq4qcF5Y=
15,14,AYp3bq9yeJRWalRonQ+rBruh+Ys=,Y4a64VTMpGmJslwM+5MkevNcEEE=
14,15,AYp3bq9yeJRWalRonQ+rBruh+Ys=,Y4a64VTMpGmJslwM+5MkevNcEEE=
14,12,AYp3bq9yeJRWalRonQ+rBruh+Ys=,822TQ1DWxZH98GT8WxVcWDZ23VA=
15,13,AYp3bq9yeJRWalRonQ+rBruh+Ys=,822TQ1DWxZH98GT8WxVcWDZ23VA=
14,13,AYp3bq9yeJRWalRonQ+rBruh+Ys=,822TQ1DWxZH98GT8WxVcWDZ23VA=
15,11,AYp3bq9yeJRWalRonQ+rBruh+Ys=,lH9/lVUuRnw6USEJf3XMYA62+Zs=
14,10,AYp3bq9yeJRWalRonQ+rBruh+Ys=,lH9/lVUuRnw6USEJf3XMYA62+Zs=
14,11,AYp3bq9yeJRWalRonQ+rBruh+Ys=,lH9/lVUuRnw6USEJf3XMYA62+Zs=
15,10,AYp3bq9yeJRWalRonQ+rBruh+Ys=,lH9/lVUuRnw6USEJf3XMYA62+Zs=
15,12,AYp3bq9yeJRWalRonQ+rBruh+Ys=,822TQ1DWxZH98GT8WxVcWDZ23VA=
